{
    "signal_10GeV_1e-2": {
        "RecoDiJet_delta_R": 0.5460000038146973,
        "RecoDiJet_angle": 0.34299999475479126,
        "RecoElectron_DiJet_delta_R": 0.6439999938011169,
        "RecoElectronTrack_absD0sig": 8.677000045776367,
        "RecoElectronTrack_absD0": 0.039000000804662704,
        "RecoDiJet_phi": 0.0010000000474974513,
        "RecoMissingEnergy_theta": 1.569000005722046,
        "RecoMissingEnergy_e": 44.683998107910156,
        "RecoElectron_lead_e": 16.917999267578125,
        "Vertex_chi2": 25580.25390625,
        "n_primt": 3.819999933242798,
        "ntracks": 5.551000118255615
    },
    "signal_10GeV_1e-2p5": {
        "RecoDiJet_delta_R": 0.546999990940094,
        "RecoDiJet_angle": 0.3440000116825104,
        "RecoElectron_DiJet_delta_R": 0.640999972820282,
        "RecoElectronTrack_absD0sig": 82.0999984741211,
        "RecoElectronTrack_absD0": 0.3499999940395355,
        "RecoDiJet_phi": 0.0,
        "RecoMissingEnergy_theta": 1.5700000524520874,
        "RecoMissingEnergy_e": 44.67900085449219,
        "RecoElectron_lead_e": 17.011999130249023,
        "Vertex_chi2": 26134.71875,
        "n_primt": 3.803999900817871,
        "ntracks": 5.546999931335449
    },
    "signal_10GeV_1e-3": {
        "RecoDiJet_delta_R": 0.5450000166893005,
        "RecoDiJet_angle": 0.34299999475479126,
        "RecoElectron_DiJet_delta_R": 0.6340000033378601,
        "RecoElectronTrack_absD0sig": 402.8299865722656,
        "RecoElectronTrack_absD0": 3.509000062942505,
        "RecoDiJet_phi": -0.0,
        "RecoMissingEnergy_theta": 1.569000005722046,
        "RecoMissingEnergy_e": 44.68299865722656,
        "RecoElectron_lead_e": 17.125999450683594,
        "Vertex_chi2": 66732.4921875,
        "n_primt": 3.8389999866485596,
        "ntracks": 5.539999961853027
    },
    "signal_10GeV_1e-3p5": {
        "RecoDiJet_delta_R": 0.5339999794960022,
        "RecoDiJet_angle": 0.33899998664855957,
        "RecoElectron_DiJet_delta_R": 0.6299999952316284,
        "RecoElectronTrack_absD0sig": 653.9959716796875,
        "RecoElectronTrack_absD0": 35.380001068115234,
        "RecoDiJet_phi": 0.003000000026077032,
        "RecoMissingEnergy_theta": 1.5700000524520874,
        "RecoMissingEnergy_e": 44.665000915527344,
        "RecoElectron_lead_e": 17.072999954223633,
        "Vertex_chi2": 999654.3125,
        "n_primt": 3.9709999561309814,
        "ntracks": 5.482999801635742
    },
    "signal_10GeV_1e-4": {
        "RecoDiJet_delta_R": 737.4310302734375,
        "RecoDiJet_angle": 0.15600000321865082,
        "RecoElectron_DiJet_delta_R": 737.572998046875,
        "RecoElectronTrack_absD0sig": 179.67999267578125,
        "RecoElectronTrack_absD0": 39.119998931884766,
        "RecoDiJet_phi": 521.27099609375,
        "RecoMissingEnergy_theta": 0.7720000147819519,
        "RecoMissingEnergy_e": 21.69499969482422,
        "RecoElectron_lead_e": 6.855000019073486,
        "Vertex_chi2": 38978396.0,
        "n_primt": 1.5679999589920044,
        "ntracks": 2.236999988555908
    },
    "signal_10GeV_1e-4p5": {
        "RecoDiJet_delta_R": 1414.2139892578125,
        "RecoDiJet_angle": 0.0,
        "RecoElectron_DiJet_delta_R": 1414.2139892578125,
        "RecoElectronTrack_absD0sig": 0.004000000189989805,
        "RecoElectronTrack_absD0": 0.0,
        "RecoDiJet_phi": 1000.0,
        "RecoMissingEnergy_theta": 0.0,
        "RecoMissingEnergy_e": 0.004000000189989805,
        "RecoElectron_lead_e": -1.0,
        "Vertex_chi2": 0.0,
        "n_primt": 0.0,
        "ntracks": 0.0
    },
    "signal_10GeV_1e-5": {
        "RecoDiJet_delta_R": 1414.2139892578125,
        "RecoDiJet_angle": 0.0,
        "RecoElectron_DiJet_delta_R": 1414.2139892578125,
        "RecoElectronTrack_absD0sig": 0.0,
        "RecoElectronTrack_absD0": 0.0,
        "RecoDiJet_phi": 1000.0,
        "RecoMissingEnergy_theta": 0.0,
        "RecoMissingEnergy_e": 0.0,
        "RecoElectron_lead_e": -1.0,
        "Vertex_chi2": 0.0,
        "n_primt": 0.0,
        "ntracks": 0.0
    },
    "signal_20GeV_1e-2": {
        "RecoDiJet_delta_R": 1.1109999418258667,
        "RecoDiJet_angle": 0.7559999823570251,
        "RecoElectron_DiJet_delta_R": 1.1200000047683716,
        "RecoElectronTrack_absD0sig": 0.8429999947547913,
        "RecoElectronTrack_absD0": 0.004000000189989805,
        "RecoDiJet_phi": 0.0010000000474974513,
        "RecoMissingEnergy_theta": 1.5720000267028809,
        "RecoMissingEnergy_e": 43.0989990234375,
        "RecoElectron_lead_e": 17.483999252319336,
        "Vertex_chi2": 98861.2734375,
        "n_primt": 5.755000114440918,
        "ntracks": 7.682000160217285
    },
    "signal_20GeV_1e-2p5": {
        "RecoDiJet_delta_R": 1.11899995803833,
        "RecoDiJet_angle": 0.7599999904632568,
        "RecoElectron_DiJet_delta_R": 1.121999979019165,
        "RecoElectronTrack_absD0sig": 2.686000108718872,
        "RecoElectronTrack_absD0": 0.012000000104308128,
        "RecoDiJet_phi": -0.003000000026077032,
        "RecoMissingEnergy_theta": 1.569000005722046,
        "RecoMissingEnergy_e": 43.097999572753906,
        "RecoElectron_lead_e": 17.566999435424805,
        "Vertex_chi2": 71460.15625,
        "n_primt": 5.769000053405762,
        "ntracks": 7.692999839782715
    },
    "signal_20GeV_1e-3": {
        "RecoDiJet_delta_R": 1.1239999532699585,
        "RecoDiJet_angle": 0.7599999904632568,
        "RecoElectron_DiJet_delta_R": 1.1180000305175781,
        "RecoElectronTrack_absD0sig": 22.982999801635742,
        "RecoElectronTrack_absD0": 0.09600000083446503,
        "RecoDiJet_phi": -0.0010000000474974513,
        "RecoMissingEnergy_theta": 1.5709999799728394,
        "RecoMissingEnergy_e": 43.09600067138672,
        "RecoElectron_lead_e": 17.645000457763672,
        "Vertex_chi2": 362880.0,
        "n_primt": 5.76800012588501,
        "ntracks": 7.695000171661377
    },
    "signal_20GeV_1e-3p5": {
        "RecoDiJet_delta_R": 1.1239999532699585,
        "RecoDiJet_angle": 0.7620000243186951,
        "RecoElectron_DiJet_delta_R": 1.1139999628067017,
        "RecoElectronTrack_absD0sig": 229.947998046875,
        "RecoElectronTrack_absD0": 0.9520000219345093,
        "RecoDiJet_phi": -0.003000000026077032,
        "RecoMissingEnergy_theta": 1.5709999799728394,
        "RecoMissingEnergy_e": 43.099998474121094,
        "RecoElectron_lead_e": 17.701000213623047,
        "Vertex_chi2": 158696.875,
        "n_primt": 5.732999801635742,
        "ntracks": 7.677999973297119
    },
    "signal_20GeV_1e-4": {
        "RecoDiJet_delta_R": 1.121999979019165,
        "RecoDiJet_angle": 0.7599999904632568,
        "RecoElectron_DiJet_delta_R": 1.1109999418258667,
        "RecoElectronTrack_absD0sig": 936.8569946289062,
        "RecoElectronTrack_absD0": 9.42300033569336,
        "RecoDiJet_phi": -0.0010000000474974513,
        "RecoMissingEnergy_theta": 1.5700000524520874,
        "RecoMissingEnergy_e": 43.12799835205078,
        "RecoElectron_lead_e": 17.66900062561035,
        "Vertex_chi2": 74490.328125,
        "n_primt": 5.783999919891357,
        "ntracks": 7.659999847412109
    },
    "signal_20GeV_1e-4p5": {
        "RecoDiJet_delta_R": 1.0839999914169312,
        "RecoDiJet_angle": 0.7260000109672546,
        "RecoElectron_DiJet_delta_R": 1.0850000381469727,
        "RecoElectronTrack_absD0sig": 1401.0400390625,
        "RecoElectronTrack_absD0": 87.00299835205078,
        "RecoDiJet_phi": 0.007000000216066837,
        "RecoMissingEnergy_theta": 1.569000005722046,
        "RecoMissingEnergy_e": 43.167999267578125,
        "RecoElectron_lead_e": 17.429000854492188,
        "Vertex_chi2": 191820.71875,
        "n_primt": 5.797999858856201,
        "ntracks": 7.515999794006348
    },
    "signal_20GeV_1e-5": {
        "RecoDiJet_delta_R": 885.2349853515625,
        "RecoDiJet_angle": 0.22599999606609344,
        "RecoElectron_DiJet_delta_R": 885.3309936523438,
        "RecoElectronTrack_absD0sig": 305.8999938964844,